{"cameraMode":{"drawMode":0,"name":"Shaded","section":"Shading Mode"},"sceneLighting":true,"audioPlay":false,"sceneViewState":{"m_AlwaysRefresh":false,"showFog":true,"showSkybox":true,"showFlares":true,"showImageEffects":true,"showParticleSystems":true,"showVisualEffectGraphs":true,"m_FxEnabled":true},"in2DMode":false,"pivot":{"x":-0.05163261666893959,"y":0.1901409775018692,"z":-0.09650461375713349},"rotation":{"x":0.05205468833446503,"y":-0.6883746385574341,"z":0.049653276801109317,"w":0.7217958569526672},"size":0.22976768016815186,"orthographic":true}